postcode,longitude,latitude
1058,12.58858324143955,55.67711512314035
1100,12.5822355954038,55.67973405849588
1220,12.577983339993818,55.67381212219406
1253,12.594837697158363,55.68366652742741
1263,12.595107230634715,55.68816536893621
1264,12.58814753442807,55.68548871711251
1300,12.585981017181357,55.684679209048035
1358,12.569091377428656,55.68155924915657
1360,12.569061700201155,55.68463616493922
1401,12.592915410978597,55.67570485663144
1411,12.584764975752528,55.669831622307
1422,12.596820961124633,55.67398089593942
1427,12.59701069346034,55.67512951812983
1432,12.616973467156088,55.69183852308575
1436,12.60254757277368,55.6773746692432
1438,12.60094714169789,55.681986651799804
1441,12.608643969533789,55.67603738501101
1455,12.569191838917225,55.67851303602598
1473,12.578619755749703,55.6723509280051
1560,12.567684070491193,55.66586929499288
1561,12.562183802512093,55.66121294421639
1562,12.574134285862419,55.67031989127592
1568,12.57166700045245,55.66990725569124
1570,12.564066022469353,55.673553799949055
1577,12.564152549787476,55.667313773511424
1609,12.564219251603026,55.6759881255003
1610,12.556402126476915,55.674112400703
1620,12.553149918113112,55.67250916678653
1663,12.550062088087294,55.66906181551785
1665,12.54882465861568,55.669369671548175
1702,12.563798803506966,55.671280812782825
1717,12.557280604365136,55.66691331729381
1719,12.555444902192917,55.66626001030304
1720,12.547169349576228,55.66514946777466
1730,12.548189987292515,55.66439649712146
1760,12.544595563886768,55.665774147736684
1799,12.533522707886101,55.6659663759541
1801,12.533932292022682,55.66909586368627
1851,12.539530385246174,55.67549296957267
1852,12.538203719545324,55.67580526630955
1855,12.535784155121949,55.676132390461106
1856,12.537089967185771,55.676656425513386
1870,12.542424201983165,55.68089390682598
1879,12.548500350655386,55.68026628862525
1900,12.555656220003142,55.67773400014703
1909,12.552586483926234,55.67578086789217
1911,12.551253621027449,55.677984129542345
1957,12.542131159922231,55.683048690527464
2000,12.51704287582291,55.680447100462885
2100,12.572735705214559,55.70706848269555
2150,12.611944657833199,55.71693918121543
2200,12.550323431705001,55.695186290960585
2300,12.589889823918098,55.64756968806602
2400,12.525196219789569,55.711375154286166
2450,12.532585393124359,55.648818999219266
2500,12.500500593427583,55.660107506933166
2600,12.401999012798749,55.68285101555785
2605,12.41427682806827,55.65061410977776
2610,12.448841601564236,55.687235034923916
2620,12.347908158696784,55.679386433322115
2625,12.365335302647315,55.64005422806094
2630,12.278687998912284,55.66643069786656
2635,12.316771572533897,55.62085661507557
2640,12.199603611343893,55.65245749763266
2650,12.468697953687736,55.629984989036735
2660,12.421209788086305,55.62172911206079
2665,12.386435120791388,55.62036013773489
2670,12.277696949525653,55.596427545303534
2680,12.196570840780733,55.533869396166594
2690,12.221041464396837,55.56655096116078
2700,12.484556105421728,55.70882168407574
2720,12.484530153097124,55.688279319371794
2730,12.427003109424671,55.734697197031686
2740,12.397694677693307,55.714922003651544
2750,12.361532501587932,55.73350959942076
2760,12.304481948083428,55.753256451021244
2765,12.283052969641089,55.72358077047621
2770,12.644371672872788,55.61855478188635
2791,12.617307069050598,55.58586186689625
2800,12.511912417050944,55.782461855980536
2820,12.531213465241086,55.75400038913156
2830,12.458257873810513,55.7910070026061
2840,12.479544263648254,55.81844752076875
2850,12.541658714559725,55.8181479343154
2860,12.483895740378948,55.735068433595124
2870,12.526775107579603,55.73313157524739
2880,12.445762174850826,55.76052831072048
2900,12.56191460990966,55.73310248728594
2920,12.57386080239999,55.75751468319877
2930,12.577555415045001,55.78167054155127
2942,12.569852882163012,55.8229013515368
2950,12.542021366211891,55.848106718808324
2960,12.532019971510442,55.88180556908394
2970,12.468089964998375,55.881045378954035
2980,12.444434414728496,55.91844764230084
2990,12.501172015314658,55.93194251650844
3000,12.546948473623255,56.037195381763055
3050,12.513348163480087,55.96092052993435
3060,12.540225602678804,55.99870261801164
3070,12.569968087985268,56.01257226606871
3080,12.442260552071271,56.02444961207082
3100,12.453782079341876,56.07069025394614
3120,12.39041755052598,56.084334364246025
3140,12.518644998975525,56.07147859784944
3150,12.550596301122534,56.05737556522672
3200,12.188550972890079,56.01892694695048
3210,12.14835489175481,56.07123630942408
3220,12.080656093031804,56.0453563321816
3230,12.305510003354922,56.05388108567137
3250,12.309627591296174,56.102512541277285
3300,12.053332837843838,55.98312402124119
3310,12.077552411119955,55.91521228945516
3320,12.14707578340755,55.92670455956921
3330,12.209402400354227,55.886054582487546
3360,11.988294236785158,56.01464512256879
3370,11.970700434270691,55.98790048148583
3390,11.899736263866927,55.97354899597096
3400,12.278093003563392,55.934775733630076
3450,12.345739578631811,55.87292183823671
3460,12.421452853979916,55.84359284869226
3480,12.39840598039146,55.972154005573735
3490,12.491590574501544,55.99886464748648
3500,12.363159832698466,55.77866394639403
3520,12.359720859213628,55.818419803083714
3540,12.271925255835294,55.840977326915294
3550,12.186616005160113,55.84778380624093
3600,12.096252945839609,55.839245589126584
3630,11.968084804607493,55.85484430193249
3650,12.15617785598122,55.791794873234835
3660,12.246410502778547,55.78682164755709
3670,12.22633629943596,55.7560088002812
3700,14.791496780472196,55.12136266595795
3720,14.926080888189695,55.06813957428197
3730,15.072985570356039,55.04784878088187
3740,15.105805049227254,55.1191328532931
3751,15.02255068732696,55.13317989573524
3760,14.927309924454878,55.186589206686804
3770,14.796074699871545,55.25083205007107
3782,14.816758178428758,55.188664304615045
3790,14.739263344932555,55.20239587073335
4000,12.082258227371108,55.65702007221322
4030,12.178337628041048,55.594691900188735
4040,12.109039160800489,55.75497484916104
4050,11.96554104746868,55.7639148727067
4060,11.8616871306501,55.6523981481894
4070,11.905672500170073,55.70590189939446
4100,11.834059343584421,55.440875966242324
4130,12.024096245150307,55.543823326401665
4140,11.96355062169972,55.49387725156066
4160,11.757085362306658,55.32374132188222
4171,11.678402882353804,55.365893302786894
4173,11.664918924439839,55.433664015373225
4174,11.85925982143443,55.52489758077738
4180,11.57132722346434,55.44090758534636
4190,11.49282928764949,55.49551594782451
4200,11.361094431761266,55.405652190386675
4220,11.173558756681228,55.3427888755945
4230,11.332812865928046,55.238788808925975
4241,11.260238476680094,55.35709079641347
4242,11.272874320933537,55.30506931045196
4243,11.46969980485035,55.23034997656965
4244,11.18643421170721,55.21440461240834
4245,11.155955440888752,55.15996382248232
4250,11.553644165093203,55.320397757454664
4261,11.422541706477157,55.28114654057294
4262,11.524199929334312,55.25015261756985
4270,11.303392165282526,55.509075246056646
4281,11.200944318892198,55.53179688139883
4291,11.379943124959492,55.54774967764519
4293,11.478235710357698,55.54250799408043
4295,11.572076077622011,55.549642146199886
4296,11.647038314209015,55.543491198177385
4300,11.688646425074468,55.719200661289776
4305,11.815391126197285,55.7751153645112
4320,11.956463834562072,55.58020372757173
4330,11.868870657661688,55.58753573565877
4340,11.710139255167778,55.61319641759159
4350,11.642035777510584,55.59175323343625
4360,11.776782816815512,55.56648897293565
4370,11.723537342171383,55.54565813451013
4390,11.743396987551217,55.66611900134197
4400,11.10991137696893,55.68531899366634
4420,11.598607375320984,55.66572878909411
4440,11.498518246197044,55.6380726361303
4450,11.393898586481729,55.642013834193484
4460,11.382563842254804,55.70754856552566
4470,11.297969895567094,55.64715126836083
4480,11.207973142231104,55.57918747577098
4490,11.24514749997744,55.61434908948983
4500,11.64607479837042,55.906511658138754
4520,11.495932021028969,55.726808974073656
4532,11.564685150464703,55.736153254793905
4534,11.433323823637762,55.75885322039897
4540,11.435837270525589,55.806453055660235
4550,11.50166721822285,55.817919535448844
4560,11.592609311567445,55.84635409411452
4571,11.589687927258245,55.801061920028104
4572,11.614662958975297,55.87917009577599
4573,11.571173842380428,55.907868332220254
4581,11.75056017578306,55.9529286621451
4583,11.368754245870075,55.96800949482231
4591,11.335750506420792,55.735345895702736
4592,11.14007956984701,55.889359680179105
4593,11.269990207206636,55.70970864937102
4600,12.163714667637322,55.447145739914625
4621,12.110880711886473,55.57110434606874
4622,12.118363485686787,55.541934719007855
4623,12.098476934857121,55.5055484105199
4632,12.038594142618265,55.448826932719896
4640,12.135218107331,55.24361004934508
4652,12.222227416479639,55.355474017618526
4653,12.196966165149203,55.304089564869386
4654,12.150771615226098,55.22062100287878
4660,12.364808326927005,55.31053105892211
4671,12.296907089123644,55.38693395111489
4672,12.338798899674602,55.35988185749336
4673,12.359009172441036,55.261463458958666
4681,12.123490293540547,55.41225558646758
4682,12.086288552576406,55.36988667371641
4683,12.024139025551122,55.24533768047319
4684,11.874684094459191,55.255583898234455
4690,11.963121076006303,55.32477698729939
4700,11.737339143218374,55.22030158992757
4720,12.047565591451047,55.10206393178872
4733,11.978213829359415,55.181386909665854
4735,12.060530808294457,55.042434891640035
4736,11.64279611833227,55.189153319457
4750,11.848473050734377,55.10913236495119
4760,11.897663986226014,55.037170815956586
4771,12.140069061432945,55.01160755945296
4772,12.083845878822869,54.99629140404533
4773,12.029003085824213,54.98931299558684
4780,12.281095758295852,54.98148864562121
4791,12.478247739884669,54.98305391259017
4792,12.168089059194568,54.90989605433634
4793,12.041014380057932,54.927413851559024
4800,11.927103019199341,54.7847064206553
4840,11.83624604704617,54.91103215336733
4850,12.03309442087673,54.868407894478516
4862,11.720235659288447,54.86154830755586
4863,11.895515659665252,54.85172915219147
4871,12.071933407429748,54.821996959383505
4872,11.983683919345546,54.732981806547606
4873,11.926223938658554,54.684955578926484
4874,11.927036154188096,54.61544969771703
4880,11.723667201409052,54.67931637579794
4891,11.779331791853725,54.759897982174515
4892,11.75603770372144,54.70315776867502
4894,11.60310754970957,54.694925800187114
4895,11.50585251788218,54.66043112339319
4900,11.119816142553914,54.83466135941171
4912,11.060632685924638,54.88417288215901
4913,11.212140381818442,54.92612277776674
4920,11.290451037267454,54.796116186689574
4930,11.475925581566699,54.767893908905606
4941,11.468658331032188,54.834698446599546
4942,11.490899871916557,54.89621446553697
4943,11.3116446435662,54.909671860420836
4944,11.412864919273023,54.9479798994085
4945,11.53413166918208,54.97434603166775
4951,11.430373692274102,54.813715970587296
4952,11.375051530159315,54.84523976007736
4953,11.29646324593446,54.866747241143685
4960,11.512111654570992,54.70277777530555
4970,11.380505268020851,54.689798619527615
4983,11.19285351328109,54.75329747687399
4990,11.656635041888117,54.79616081429064
5000,10.393658977721245,55.40868281226568
5200,10.301096851207294,55.3970245588258
5210,10.291413589230931,55.420095099769114
5220,10.49049538522138,55.355200708418906
5230,10.406935945431947,55.37771221455373
5240,10.45639772436424,55.41310049856446
5250,10.303256704917173,55.355423847877844
5260,10.371931417777303,55.330051722801784
5270,10.35215275267476,55.451146716579935
5290,10.530164425456533,55.39711027715893
5300,10.641517372001823,55.447671698721315
5320,10.489783706067838,55.431207308590494
5330,10.536315264945374,55.453818599163164
5350,10.617948676325183,55.40324648235864
5370,10.63778930785732,55.49906031409065
5380,10.675713598786725,55.516521825041
5390,10.646499212735169,55.55970893920222
5400,10.138154651423248,55.55571763534696
5450,10.3787903511248,55.53929174048856
5462,10.193367981076348,55.437130123384335
5463,10.025750176413567,55.453262601492256
5464,9.981646847999327,55.49146117256054
5466,9.900038607928355,55.49423762503367
5471,10.169405647268972,55.49369383817597
5474,10.13665774878892,55.4599545198438
5485,10.276416577649892,55.5164081290623
5491,10.233396991640637,55.38668577605466
5492,10.134633031129729,55.3931394406972
5500,9.787180876625795,55.502873492769176
5540,10.666361702750333,55.35960241542029
5550,10.592888313637962,55.359483914837085
5560,10.042815833711616,55.37685108338094
5580,9.84808508294566,55.44762972663035
5591,9.948073003684568,55.39515722934886
5592,9.891035840516551,55.40247135371986
5600,10.276660104124872,55.12322453589165
5602,10.278987793998501,55.022216979346226
5603,10.249554508166273,55.06288988485585
5610,9.941406242525117,55.29852693812918
5620,10.084997893857206,55.28218681716361
5631,9.986560160111582,55.20464749605051
5642,10.176616611420307,55.14550308803727
5672,10.263968139652246,55.23761375533413
5683,10.107740098075118,55.206997597731274
5690,10.203441864413746,55.3154225696683
5700,10.587784653648459,55.03056223797098
5750,10.44130746748109,55.22533993036412
5762,10.451874397332183,55.07455146104192
5771,10.515413686191474,55.12730284729399
5772,10.540228456560003,55.18120257335625
5792,10.429557911445713,55.29843697978904
5800,10.755185970622774,55.32584384224592
5853,10.651134489751234,55.25820773524675
5854,10.608824658221833,55.21314676902979
5856,10.548803125702305,55.23775170007312
5863,10.582546208232232,55.31099613185929
5871,10.753879034512149,55.23626482602554
5874,10.757177963465738,55.17941944200786
5881,10.691907228762638,55.08580137698368
5882,10.701266469253232,55.11086736328196
5883,10.730893709982825,55.12525207988975
5884,10.70841678326752,55.15272929500883
5892,10.640951172184272,55.15945218135655
5900,10.750518496158186,54.89834282329573
5932,10.701690646293475,54.81269852185953
5935,10.702909068582796,54.7518096095076
5943,10.602961606535512,54.905244683095574
5953,10.868924250129496,55.03626757118759
5960,10.486065518159675,54.862867642393276
5970,10.381891902744883,54.865716317412634
5985,10.271412356321145,54.92677377317095
6000,9.47756153713891,55.4968731977939
6040,9.343439554791157,55.608384789780196
6051,9.482323070718119,55.560963041038605
6052,9.498355001822407,55.59404753136651
6064,9.316053968968905,55.549162441716064
6070,9.44555493633139,55.35648049622551
6091,9.563814143599975,55.45457123185612
6092,9.63447929159166,55.46134263143888
6093,9.539359483928632,55.40469449010618
6094,9.58839041017714,55.38421360037525
6100,9.547704347164016,55.24553649954221
6200,9.458041904886441,55.00520351791551
6230,9.299324137887867,55.0862254565616
6240,8.991449552582708,55.05192651326034
6261,8.750598800424248,55.06477716032834
6270,8.892859731650637,54.95230300876254
6280,8.711779772642,54.969863522297786
6300,9.543508026530084,54.922407595633054
6310,9.693878054828703,54.87519954246582
6320,9.623097661325309,54.905612477296756
6330,9.325341712803066,54.858103625987454
6340,9.445077202821244,54.87256860337011
6360,9.226742413853595,54.922066786050806
6372,9.104314697951116,54.964678893160574
6392,9.253538434244732,54.992910232984116
6400,9.726265289518913,54.94449973901721
6430,9.78759533639322,55.027985629718934
6440,9.934493406259278,54.968629199501784
6470,9.965377557595057,54.905378212047424
6500,9.287799994905493,55.23475131885079
6510,9.008376750988202,55.275868466478244
6520,9.024754944442988,55.17984068873569
6534,9.168235663990677,55.12927698702519
6535,9.064495345860278,55.11437287989157
6541,9.189503562353769,55.19355872911774
6560,9.270928288417393,55.33027697934293
6580,9.331692090114107,55.42016584061285
6600,9.157956864030917,55.50070573328803
6621,9.196227959385668,55.53146403982907
6622,9.150160709261582,55.579002475280014
6623,9.076895848777646,55.64077369751338
6630,9.093295678350913,55.37093567251566
6640,9.333335338423689,55.49075061010154
6650,9.010143696845654,55.52668441064299
6660,8.980018321266964,55.40944571053488
6670,8.910589869629682,55.51604555056114
6682,8.936391006547394,55.60454109773561
6683,8.90952991755463,55.43947343423566
6690,8.811892950386174,55.4728348507113
6700,8.458351674988915,55.47118784759771
6705,8.558485124588943,55.50337770361698
6710,8.376024654815362,55.544821219266645
6715,8.504558928784826,55.5437313919848
6720,8.419344049651977,55.40509709039258
6731,8.593552653311168,55.46814006540446
6740,8.710502317454564,55.4782374983534
6752,8.837214456415044,55.55945340821079
6753,8.811484881737334,55.60737727102677
6760,8.789049058193934,55.311680675676136
6771,8.747267614346361,55.40478048137846
6780,8.795225417075548,55.17072828286156
6792,8.522099964966937,55.138190718691234
6800,8.53691802292333,55.66243188971456
6818,8.671891283024637,55.5765035272058
6823,8.743423625571918,55.72234388703304
6830,8.282149933797593,55.79303157548276
6840,8.225933738000519,55.64495051388527
6851,8.379649113035438,55.64183394777064
6852,8.325502360737662,55.61074155302459
6853,8.13386495812638,55.59323153567523
6854,8.246308962679926,55.714704298308426
6855,8.37633276214587,55.71078593252699
6857,8.210858862692216,55.53952496889988
6862,8.63018890598711,55.71613426873911
6870,8.626665688081648,55.79745029827176
6880,8.586434993970819,55.86742572649189
6893,8.370489965716882,55.83680245746324
6900,8.544056541077167,55.979367888882095
6920,8.68009652487102,56.07449057728529
6933,8.881724564790344,55.99116439486578
6940,8.404531352898575,56.04618547462705
6950,8.280124145901402,56.11571389242762
6960,8.147309077620898,55.94498172338686
6971,8.491349683020024,56.14043986329651
6973,8.552414030294816,56.20114114846702
6980,8.293792178513833,56.19588155228301
6990,8.28535811096198,56.268059685990586
7000,9.65994623625868,55.58288320683079
7080,9.665491993546446,55.65113684017231
7100,9.500273259800224,55.70284914699177
7120,9.636023785549883,55.73145499296827
7130,9.976685032377219,55.7683089434687
7140,9.797053282280189,55.7080544175587
7150,9.889979466751065,55.70991421101819
7160,9.500707654778632,55.87107270922274
7171,9.591193727056947,55.83961168259929
7173,9.414516001099761,55.864448533438704
7182,9.352395949087654,55.7064152803855
7183,9.240180695803348,55.67903991888777
7184,9.199167269955428,55.717516299830095
7190,9.105810202224607,55.735908872967784
7200,8.893169847272082,55.74315622362721
7250,8.976753964158336,55.683794738995374
7260,8.899026071637897,55.84709339912317
7270,8.836353083911149,55.895794851279035
7280,8.794681546370166,55.94037018394959
7300,9.428669308197227,55.776395041109495
7321,9.290779077949033,55.765977652629175
7323,9.239068744001285,55.85053102312044
7330,9.083112241367065,55.930665001067176
7361,9.26631177657939,56.00387764796349
7362,9.373481146885137,56.048666904310885
7400,8.969585890216909,56.11548306634343
7430,9.178840857978516,56.1227695065903
7441,9.256148655251907,56.16442856499378
7442,9.312298038149303,56.198182600427316
7451,9.030512590501885,56.233272779630376
7470,9.173192540500803,56.32874382909367
7480,8.736117514693648,56.17711463167618
7490,8.81916157187497,56.28499089777835
7500,8.640525012219411,56.34220870489617
7540,8.989726449623944,56.33874535444858
7550,8.664048358847836,56.252976917156275
7560,8.648977160128702,56.43639827147181
7570,8.330207817642172,56.36100129946732
7600,8.527887558984249,56.47029687496998
7620,8.29963784551339,56.52048523155235
7650,8.207772385016028,56.44055336502629
7660,8.328156327103054,56.419951756453735
7673,8.17603446511763,56.622272893214316
7680,8.215308920614522,56.69151486838983
7700,8.646152806282581,56.998576696421765
7730,8.664058525681188,57.093161693425536
7741,8.955743547455137,57.09993994349648
7742,8.992302446012111,57.0258082802128
7752,8.492384914292082,56.87653515490364
7755,8.38572161539036,56.83480226864122
7760,8.416553074352327,56.72813129474558
7770,8.290140453611428,56.780889357262836
7790,8.533794848945352,56.64293257962603
7800,8.98673270054741,56.5238341439911
7830,8.828219287307002,56.4674594338742
7840,9.172237712552688,56.57726397248651
7850,9.125009165008928,56.4863014102134
7860,8.84069636710186,56.6170427514047
7870,9.008849542666084,56.72344699657824
7884,9.014270800043406,56.827011387661685
7900,8.794589440907394,56.83119934609948
7950,8.705976617611343,56.84841673106744
7960,8.575434764782885,56.75310646331325
7970,8.64942074745931,56.74134859610244
7980,8.72542978930694,56.7548269839153
7990,8.700119006288812,56.70390891912132
8000,10.206114384248973,56.14842307400069
8200,10.169793218044079,56.20540631560769
8210,10.156907478736882,56.1721685318003
8220,10.083918050384522,56.15965646215378
8230,10.158605354136483,56.15096945883921
8240,10.227863724410309,56.20023586714703
8250,10.284550004124242,56.22480881474126
8260,10.108752910904128,56.128036928945505
8270,10.203253628884926,56.104944412565835
8300,10.154775228304292,55.94392541618985
8305,10.588792610873268,55.85718736040026
8310,10.129507180282538,56.08601941892926
8320,10.16592172235057,56.069810391
8330,10.232444191649627,56.060391169014196
8340,10.194439386503475,56.03192088895153
8350,10.05597177215191,55.91763411094687
8355,10.083962931257343,56.03070454440304
8361,10.08705757511684,56.10097206237005
8362,10.019776477750074,56.08652001473788
8370,10.07679931946531,56.34206155770759
8380,10.150310467111025,56.266015805702295
8381,10.090467877022654,56.190306343779596
8382,10.045925739318418,56.26373252544015
8400,10.689988155727518,56.242462369623595
8410,10.516086861875445,56.30417069005658
8420,10.485546617753014,56.18635440464124
8444,10.798448764154134,56.31303721544355
8450,9.875774341083984,56.2673524021592
8462,10.000613862890892,56.14580141673946
8464,9.922450477925512,56.16392858236523
8471,10.004585716901223,56.21568288957969
8472,9.830563551346145,56.208997139154036
8500,10.839936484480319,56.432586042351
8520,10.21958352330743,56.24221045538625
8530,10.228088657373487,56.282034646720504
8541,10.314973367526,56.273413009510655
8543,10.276970456102834,56.327014517157394
8544,10.335319514114463,56.36278447407583
8550,10.48131741274062,56.38459058562811
8560,10.620972909930027,56.35622890833537
8570,10.749821467783605,56.35842044690941
8581,10.569115916665647,56.42390505124612
8585,10.681366786647258,56.4938992383723
8586,10.651182146015604,56.445416359533354
8592,11.571719924813008,56.71190326941152
8600,9.566143307313004,56.17476912955539
8620,9.401150714895381,56.28418125860232
8632,9.549204570426918,56.2410607863118
8641,9.79004709921195,56.178747238646494
8643,9.608698623677354,56.2917104178752
8653,9.52426110894251,56.08556673681016
8654,9.500548069874235,56.02763386546097
8660,9.886383854033992,56.03723262518063
8670,9.806349612049221,56.15089653012377
8680,9.740396882999915,56.09149039648791
8700,9.845289941889435,55.8772981560823
8721,9.722734424681766,55.727502263056955
8722,9.697251943908068,55.768901173704066
8723,9.69811692321659,55.80982192800985
8732,9.965235008409255,55.95439287696826
8740,9.611233972317464,55.977564249203574
8751,9.854798202781788,55.941851776264265
8752,9.750898827439928,55.97346193535266
8762,9.665379031329616,55.871184029149084
8763,9.61320087128804,55.88467939044799
8765,9.492116105439738,55.930246762079975
8766,9.411547035269464,55.9671365409979
8781,9.809548293897123,55.79812689228056
8783,9.849300193233535,55.76590385362124
8789,10.294787511257145,55.7604029375159
8799,10.430453646652545,55.95248408106674
8800,9.323751287196217,56.4290664443185
8830,9.612560890459003,56.50962988752985
8831,9.305256136314894,56.51962151721847
8832,9.372506154201465,56.598437740006936
8840,9.510263216159528,56.34616215552179
8850,9.652795679457457,56.38264443284496
8860,9.791310904259054,56.38890871481444
8870,9.905527421159707,56.373941370699455
8881,9.780539334113882,56.31053748370046
8882,9.713807374830731,56.27221275199283
8883,9.740547917546728,56.224620380282396
8900,10.03403092840922,56.464133509492726
8920,9.899699337414265,56.48089315172441
8930,10.139129543156207,56.50412854276597
8940,10.024440770285487,56.413699237266776
8950,10.316733836641033,56.526141388450355
8960,10.16629179814402,56.43083747289326
8961,10.429268823916095,56.47695690581158
8963,10.392915406595023,56.42807237088434
8970,10.23694241976085,56.64679587337868
8981,10.027004555752075,56.5457087584791
8983,10.121247578049859,56.58239452633245
8990,9.865648088011156,56.5541314775894
9000,9.863076810219944,57.04001650010116
9200,9.85102997717938,57.00890321179302
9210,9.935960691448887,57.00339349602896
9220,10.00634975560747,57.043730447134244
9230,9.867406310652438,56.95593665634958
9240,9.589508333584423,56.948795025150204
9260,10.003299042985928,56.949639272054085
9270,10.052857013969366,57.01519290711728
9280,10.176617629751352,56.93570047729632
9293,10.107431946672007,56.89072487342539
9300,10.4577456924476,57.296577558737084
9310,10.08760174942627,57.10262627349252
9320,10.143314552384627,57.18507040924839
9330,10.304551519233776,57.19022200171191
9340,10.381714883610334,57.14168743988678
9352,10.318227814954923,57.278537145993056
9362,10.196533099180314,57.05340939815612
9370,10.29702034660477,57.04922029168683
9380,9.971414878213944,57.12617720240486
9381,9.964324169230737,57.166122966822755
9382,9.920943496012871,57.209835602051434
9400,9.926447537327062,57.09451286868072
9430,9.857250351627194,57.13033159792662
9440,9.74265359646825,57.15071186521711
9460,9.51796022648645,57.1160478426339
9480,9.764785326627191,57.367714892389245
9490,9.630286832187505,57.20831547532743
9492,9.604643610368454,57.25038833944599
9493,9.686987882051186,57.26993685360163
9500,9.757860904301044,56.65229314333005
9510,9.9088129820558,56.76749147503764
9520,9.906736548131862,56.843300528673474
9530,9.806041269552901,56.90038610320547
9541,9.686188799463352,56.84927908266729
9550,9.993549519793532,56.62871318084254
9560,10.163737371621455,56.75028562527562
9574,10.13735428871481,56.82583287367486
9575,10.041838824660914,56.80560329547075
9600,9.489409579216145,56.810159700223565
9610,9.669090972573311,56.747392652037234
9620,9.492870815206174,56.68947144481581
9631,9.362677821645386,56.69479552048758
9632,9.506413521336105,56.61011455314092
9640,9.297512823233927,56.780243008584506
9670,9.308194650580123,56.932960456216
9681,9.198646246161807,56.897729075097786
9690,9.237249692737649,57.08683307611632
9700,9.926182247994317,57.271515583387156
9740,10.126859491768707,57.289792665181594
9750,10.265362118085886,57.33665754585972
9760,9.94627468273887,57.360599364317835
9800,10.001106459605184,57.474076882789085
9830,10.14540251019681,57.37701242851301
9850,9.97279718262351,57.552340051018675
9870,10.256404235618376,57.46602209593525
9881,10.228859380045636,57.56454631254451
9900,10.431471660149711,57.42986721633315
9940,11.0195857298809,57.27322720701651
9970,10.477182513086223,57.49358587214738
9981,10.410382938586134,57.52941078420105
9982,10.369678897730457,57.59971886267564
9990,10.49712361710762,57.693884437820664
